Name,Price,Image
Nayeco Arnés X-TRM Nylon para Perro Color Negro - L,13.29,https://www.petsonic.com/14324-large_default/nayeco-arnes-x-trm-nylon-color-negro-para-perros.jpg
Nayeco Arnés X-TRM Nylon para Perro Color Amarillo Neón - M,11.24,https://www.petsonic.com/14322-large_default/nayeco-arnes-x-trm-nylon-color-amarillo-neon-para-perros.jpg
Nayeco Arnés X-TRM Nylon para Perro Color Amarillo Neón - L,12.95,https://www.petsonic.com/14322-large_default/nayeco-arnes-x-trm-nylon-color-amarillo-neon-para-perros.jpg
Nayeco Correa Nylon y Neopreno Beige para Perro - S-M,8.99,https://www.petsonic.com/15787-large_default/correa-nylon-neopreno-beige-para-perro.jpg
Nayeco Correa Nylon y Neopreno Beige para Perro - L-XL,11.49,https://www.petsonic.com/15787-large_default/correa-nylon-neopreno-beige-para-perro.jpg
Nayeco Carda Gel Fur-off para Perro - Pequeño,8.0,https://www.petsonic.com/15642-large_default/carda-gel-fur-off-para-perro.jpg
Nayeco Carda Gel Fur-off para Perro - Grande,10.65,https://www.petsonic.com/15642-large_default/carda-gel-fur-off-para-perro.jpg
Ferribiella Comedero Doble con Portaobjetos para Perro - 48x27x42 cm,27.99,https://www.petsonic.com/12830-large_default/comedero-doble-portaobjetos-para-perro.jpg
Ferribiella Bufanda Color Roja-Gris para Perro - S,8.99,https://www.petsonic.com/13478-large_default/bufanda-color-roja-gris-para-perro.jpg
Moderna Products Comedero Doble para Perro y/o Gato - Gris,1.69,https://www.petsonic.com/11776-large_default/moderna-products-comedero-doble-para-perro-yo-gato.jpg
Nayeco Chaqueta Outdoor Splash Negro para Perro - 80 cm,32.6,https://www.petsonic.com/8644-large_default/nayeco-chaqueta-outdoor-splash-negro-para-perros.jpg
artero Artero Carda Metálica Extra Grande para Perros - Pequeño,5.69,https://www.petsonic.com/16341-large_default/artero-carda-metalica-extra-grande-para-perros.jpg
artero Artero Carda Metálica Extra Grande para Perros - Mediano,6.99,https://www.petsonic.com/16341-large_default/artero-carda-metalica-extra-grande-para-perros.jpg
artero Artero Carda Metálica Extra Grande para Perros - Grande,9.06,https://www.petsonic.com/16341-large_default/artero-carda-metalica-extra-grande-para-perros.jpg
artero Artero Rastrillo Pequeño para perro - Pequeño,4.69,https://www.petsonic.com/16340-large_default/artero-rastrillo-pequeno-para-perros.jpg
